article_titre,revue_annee,GPE_ents,LOC_ents,ORG_ents,PATH_ents,SHS_ents,CHEM-LABO_ents
"Rapport médical d'ensemble sur les colonnes du Yen-Thé (Novembre et décembre 1895), par le Dr Fruitet, ",1898,,Yen-Thé,,,,
"Poste militaire de Nioro (Soudan), par le Dr Suard, ",1898,"Nioro,Soudan",,,,,
"Note sur l'azote nitrique de quelques eau de la ville de Brest, par P. Le Naour, ",1898,Brest,,,,,
Variétés. Secours médicaux aux pêcheurs (Campagne de 1897). [Dr Bonnafy.]. / Statistique de la marine Néerlandaise pour 1895,1898,,,marine Néerlandaise,,,
"Notes sur les pêcheurs d'Islande, par le Dr Sisco, ",1898,Islande,,,,,
"Contribution au traitement des bubons et des cystites, par le Dr Touren, ",1898,,,,cystites,,
"Contribution au traitement des bubons et des cystites, par le Dr Touren",1898,,,,cystites,,
"Un cas d'éléphantiasis du scrotum, ablation, mort par tétanos, par le Dr Robert, ",1898,,,,"éléphantiasis du scrotum,tétanos",,
Variétés. / Les pertes d'hommes pendant la campagne de pêche à Terre-Neuve en 1897,1898,Terre,,,,,
Variétés. Les pertes d'hommes pendant la campagne de pêche à Terre-Neuve en 1897. / Rapport médical de la mission lyonnaise en Chine,1898,"Terre,Chine",,,,,
"L'hygiène et le service médical à bord de la surprise, par le Dr Titi, ",1898,,,,,,
"Le gonocoque. Leçon faite par M. V. Morax à l'institut pasteur, recueillie. Par le Dr Chastang, ",1898,,,institut pasteur,gonocoque,,
"Note additionnelle sur la nature des blessures dans les batailles navales contemporaines, par le Dr J.-A. Portengen, ",1898,,,,blessures,,
"Recherches expérimentales sur l'empoisonnement par la fausse oronge, par le Dr Le Dantec, ",1898,,,,fausse oronge,,
"Une campagne de vaccine au Sénégal (1896), par le Dr Porquier, ",1898,Sénégal,,,vaccine,,
"Clinique otologique, par le Dr de Champeaux, ",1898,,,,,,
"Contribution au traitement de la syphilis par les injections intra-musculaires d'huile grise, par le Dr Touren, ",1898,,,,,,
Variétés. / Médecins de colonisation de l'Algérie,1898,Algérie,,,,,
"Rapport médical sur les colonness du Dakol et la mission du Mossi (Soudan Français), du 25 février 1896 au 16 avril 1897, par le Dr Henric, ",1898,Soudan Français,,,,,
"Mémoire sur les lésions d'origine traumatique et d'origine tuberculeuse qui intéressent le rachis, par le Dr C. Auffret, ",1898,,,,tuberculeuse,,
"Service de santé du 11e régiment d'infanterie de marine stationné en Indo-Chine (1896), par le Dr Vinas, ",1898,Indo-Chine,,,Service de santé,,
Variétés. La mortalité des pêcheurs d'Islande. [Dr L. Chastang.]. / Mesures à prendre pour éviter à Madagascar la contagion par les boutres. Peste bubonique de l'Inde,1898,"Islande,Madagascar,Inde",,,Peste bubonique,,
"Variétés. Mesures à prendre pour éviter à Madagascar la contagion par les boutres. Peste bubonique de l'Inde. [Dr Duville.]. / Statistique médicale de la marine Allemande, du 1er avril 1893. au 31 mars 1895, par le Dr Globig, ",1898,"Madagascar,Inde",,,Peste bubonique,,
"Variétés. Statistique médicale de la marine Allemande, du 1er avril 1893. au 31 mars 1895, par le Dr Globig, ",1898,,,,,,
"Climats en général. Climats chauds en particulier, par le Dr Le Dantec, ",1898,,,,,,
"Études d'hygiène navale, par le Dr Danguy des Desert, ",1898,,,,,,
"Quelques conseils d'hygiène pour le voyageur à Madagascar, par le Dr Robert, ",1898,Madagascar,,,,,
"Variétés. Un nouveau journal. Archiv für Schiffs und Tropen Hygiene unter besonderer Berücksichtigung der Pathologie und Therapie, publié par le Dr Mense, Cassel, 1897. - Archives d'hygiène tropicale de navale. [Dr C. Mense.]. / Les Rayons roentgen",1898,,,,,,
"Colonne expéditionnaire dans la Haut-Dahomey, par le Dr Bartet",1898,Haut-Dahomey,,,,,
Chaussure du fantassin. Par le Dr Prat,1898,,,,,,
"Colonne expéditionnaire dans le Haut-Dahomey, par le Dr Bartet, ",1898,Haut-Dahomey,,,,,
"Secours aux blessés. Salles opératoires. - Moyens de transport, par le Dr C. Auffret",1898,,,,,,
"Secours aux blessés. / Salles opératoires. - Moyens de transport, par le Dr C. Auffret, ",1898,,,,,,
"Secours aux blessés. Salles opératoires. - Moyens de transport, par le Dr C. Auffret, ",1898,,,,,,
"Désinfection et antisepsie, par le Dr Salanoue",1898,,,,,,
"Deux cas de luxation sus-acromiale de l'épaule, traités par la suture osseuse à l'hôpital de la marine de Lorient, par le Dr Cairon",1898,Lorient,,,,,
Variétés. L'état des médecins à bord des navires. Il y a deux siècles. [Dr Gros.]. / Note sur l'extension de la tuberculose pulmonaire en Islande,1898,Islande,,,tuberculose pulmonaire,,
Variétés. Note sur l'extension de la tuberculose pulmonaire en Islande. [Dr Chastang.]. / La vie moyenne dans les divers pays d'Europe. (Bulletin général de thérapeutique.),1898,Islande,,,tuberculose pulmonaire,,
"Deux cas frustes de myxoedème spontané de l'adulte, par le Dr P.-A. Boudou, ",1898,,,,,,
"Essai de détatouage par un procédé nouveau, par le Dr Félix Brunet, ",1898,,,,Essai de détatouage,,
"La pression osmotique du sang humain dans ses rapports avec le volume des éléments figurés, par le Dr Eijkmann. (Journal de médecine des Indes hollandaises.). Traduit du hollandais par le Dr Gros, ",1898,,,,sang humain,,
"Note sur les coffres à médicaments et à pansements, par M. le Dr Rouvier",1898,,,,,,
"Nos pêcheurs d'Islande (hygiène et pathologie professionnelles, assistance médicale), par le Dr L. Chastang, ",1898,Islande,,,,,
"Nos pêcheurs d'Islande (hygiène et pathologie professionnelles, assistance médicale), par le Dr L. Chastang",1898,Islande,,,,,
"Variétés. Un hôpital flottant à New-York. / De l'habillement et de l'équipement dans le cas de débarquement, sous les tropiques, par le Dr Freymadl, ",1898,New-York,,,,,
"Variétés. De l'habillement et de l'équipement dans le cas de débarquement, sous les tropiques, par le Dr Freymadl, ",1898,,,,,,
"Secours aux blessés maritimes. Mobilier médical de bord en métal, par le Dr C. Auffret, ",1898,,,,,,
"Secours aux blessés maritimes. Mobilier médical de bord en métal, par le Dr C. Auffret",1898,,,,,,
"Nouveau procédé d'analyse du bronze blanc et du métal antifriction, par MM. P. Trouchet, ",1898,,,,,,
"La lèpre en Nouvelle-Calédonie, par A. Auché",1899,Calédonie,,,lèpre,,
La tuberculose dans la marine (statistique -mesures prophylactiques). Par le Dr L. Vincent,1899,,,,tuberculose,,
Sur le traitement du Craw-Craw. Par le Dr J. Emily,1899,,,,Craw-,,
"La lèpre en Nouvelle-Calédonie. Par A. Auché,",1899,Calédonie,,,lèpre,,
"Phagédénisme des pays chauds, son identité avec la pourriture d'hôpital, pathogénie, symptômes, traitement. Par le Dr Le Dantec",1899,,,,,,
Les blessés de Manille. Par le Dr Brémaud,1899,Manille,,,,,
"Rôle de l'insuffisance en matières grasses de la ration alimentaire dans l'étiologie du béribéri. / Hygiène préventive et thérapeutique basées sur cette étiologie, par le Dr L. Laurent",1899,,,,béribéri,,
"Rôle de l'insuffisance en matières grasses de la ration alimentaire dans l'étiologie du béribéri. Hygiène préventive et thérapeutique basées sur cette étiologie, par le Dr L. Laurent",1899,,,,béribéri,,
"Syndrôme typho-malarien. / Communication faite dans la conférence médicale du mois de Novembre 1897. Par le Dr Joseph Alvaro,",1899,,,,,,typho
"Rapport sur l'état sanitaire du poste de Lao-Kay (Tonkin), par le Dr Fruitet",1899,Tonkin,,,,,
"De l'usage externe de la solution de chlorure de chaux, par le Dr Paul Petit",1899,,,,,,
"Épidémie d'oreillons observée sur le vaisseau-école la couronne en 1896, par le Dr Lesueur-Florent",1899,,,,,,
Ictère grave. Traité par les injections de sérum artificiel. Par le Dr A. Valence,1899,,,,,,
"Note relative à une tente adaptée au Hamac-Gouttière, par le Dr Guézennec",1899,,,,,,
"Éloge d'Amédée Lefèvre, par le Dr Le Méhauté",1899,,,,,,
"Note sur l'étiologie et l'hygiène préventive du béribéri, par le Dr P. Brémaud",1899,,,,béribéri,,
"Le service de santé dans l'Inde (Indian medical service), par le Dr H. Gros",1899,Inde,,Indian medical service,,,
Variétés. / Le bleu d'éthyle en ophthalmologie,1899,,,,bleu d'éthyle,,
"Variétés. Hôpital de Ponta-Delgada (San-Miguel, Acores)",1899,Acores,,,,,
"Rapport sur l'épidémie de fièvre typhoïde de Cherbourg (Novembre 1898-Février 1899), par le Dr Nollet",1899,Cherbourg,,,fièvre typhoïde,,
"Étude sur le matériel servant au transport et au couchage des malades et blessés à bord des bâtiments de la flotte, par le Dr du Bois Saint-Sévrin",1899,,,,,,
"Le procédé de Moreschi pour la cure des ulcères variqueux de la jambe, par le Dr Ugo Belelli, traduit par le Dr Lassabatie",1899,,,,ulcères variqueux,,
"Le tokelau dans les possessions françaises du pacifique oriental, par le Dr Tribondeau",1899,,,,tokelau,,
"Rapport annuel du médecin en chef de la marine des États-Unis. (Army and Navy, Register 15th october 1898.). Traduction. Par le Dr Galliot, ",1899,,,,,,
"Notes d'hygiène sur le cuirassé le Gaulois, par le Dr Onimus, ",1899,Gaulois,,,,,
"Notes sur les Nouvelles-Hébrides, par le Dr Bernal, ",1899,,,,,,
"Note sur l'épidémie de béribéri de 1898 à Poulo-Condore, par le Dr L. Laurent, ",1899,,,,béribéri,,
"Variétés. Rapport annuel sur le service de santé de la marine néerlandaise pour l'année 1898, par L. P. Gijsberti Hodenpijl, ",1899,,,marine néerlandaise,,,
"Rapport du docteur H. Lorans sur sa mission dans l'Inde, traduit de l'anglais. Par le Dr Duval, ",1899,Inde,,,,,
"Du traitement de la contusion et de l'entorse du genou avec épanchement, par le Dr Machenaud, ",1899,,,,,,
"Procédé de M. le médecin-major de 1re classe Isambert, ",1899,,,,,,
"Variétés. Report of the Surgeon general, U. S. Navy, ",1899,,,,,,
"Variétés. Dr L. Martin. - Les hôpitaux de coolies à la côte nord-est de Sumatra. / Géographie médicale. / Extraits des travaux du Conseil de santé impérial allemand, vol. XIII, 1896, d'après les Archiv für Schiffs und Tropen Hygiene, p. 334 et suiv. (Arbeiten aus dem Kaiserlichen Gesundheitsamt). / I. Schwabe. - Rapport médical sur Jab",1899,Sumatra,,"Archiv für Schiffs,Arbeiten aus dem Kaiserlichen Gesundheitsamt",,Géographie médicale,
"Variétés. Géographie médicale. Extraits des travaux du Conseil de santé impérial allemand, vol. XIII, 1896, d'après les Archiv für Schiffs und Tropen Hygiene, p. 334 et suiv. (Arbeiten aus dem Kaiserlichen Gesundheitsamt). I. Schwabe. - Rapport médical sur Jab. / II. Plehn. - Le climat et l'état sanitaire du Cameroon du 1er juillet 1894 au 30 juin 1895. / F. Plehn. - La climatologie et la pathologie du Cameroon",1899,"Cameroon,Cameroon",,"Archiv für Schiffs,Arbeiten aus dem Kaiserlichen Gesundheitsamt",,Géographie médicale,
"Étude sur la pathologie des européens dans l'Autsianaka (Madagascar) et notamment sur la fièvre bilieuse hématurique, par le Dr Laffay, ",1899,Madagascar,,,fièvre bilieuse hématurique,,
"Potages condensés pour l'alimentation des troupes en campagne, par Vignoli, ",1899,,,,,,
"Services de chirurgie du port de Rochefort (Statistique du premier semestre de 1899), par le Dr Fontorbe, ",1899,Rochefort,,Services de chirurgie,,,
"Épidémie de peste bubonique observée à Ping S'Hiang (Kouang-Si [Chine]), mai-juin 1898, par le Dr Thoulon, ",1899,Ping S'Hiang,,,peste bubonique,,
Variétés. / Les associations de médecins de la marine en Allemagne,1899,Allemagne,,,,,
"Variétés. Les associations de médecins de la marine en Allemagne. [Dr Gros.] / L'impaludisation par le moustique. (The Lancet, 9 septembre 1899.)",1899,Allemagne,,,,,
"Variétés. / Le pansement japonais au charbon de paille. (Archives de médecine et de pharmacie militaires, t. XXVII, Dr Matignon ; t. XXXIV, Février-Robert.)",1899,,,,,,
"Rapport sur les expériences comparatives de désinfection, effectuées au laboratoire de bactériologie de l'hôpital maritime de Lorient, au moyen de l'aldéhyde formique (procédés de l'autoclave formogène Trillat et du dissociateur Guasco), et de l'anhydride sulfureux. Par les Drs Du Bois Saint-Sevrin et Pélissier",1899,Lorient,,laboratoire de bactériologie,,,dissociateur
"Clinique chirurgicale de Rochefort. I. Gastrotomie (procédé de Fontan) pour rétrécissement de l'oesophage, par le Dr Fontorbe, ",1899,,,Clinique chirurgicale de Rochefort,,,
"Clinique chirurgicale de Rochefort. II. Hernie inguinale appendiculaire (cure radicale), par le Dr G. Gorron, ",1899,,,Clinique chirurgicale de Rochefort,Hernie,,
"Note sur le transport des blessés au poste de combat, à bord des bâtiments de la flotte, par le Dr Léo, ",1899,,,,,,
"L'hygiène des marins pêcheurs et la pêche hauturière à vapeur, par le Dr L. Baret, ",1899,,,,,,
Variétés. / Statistique médicale des Indes néerlandaises pour 1897,1899,,,,,,
Variétés. Statistique médicale des Indes néerlandaises pour 1897. / Navires-hôpitaux de la Croix-Rouge japonaise,1899,,,,,,
"Rapport sur les expériences comparatives de désinfection effectuées au laboratoire de bactériologie de l'hôpital maritime de Lorient, au moyen de la méthode de M. E. Fournier, par les Drs Du Bois Saint-Sevrin et Bonnefoy, ",1899,Lorient,,laboratoire de bactériologie,,,
"Rapport de la conférence sur la syphilis qui s'est réunie à Bruxelles, le 4 septembre 1899, par le Dr Auffret, ",1899,Bruxelles,,,,,
"Notes d'hygiène sur le croiseur-école l'Iphigénie. Historique des améliorations. Par le Dr Gazeau, ",1899,,,,,,
"Plaies pénétrantes de l'abdomen, par le Dr Lassabatie, ",1899,,,,,,
Variétés. Rapports annuels du parc vaccinogène et de l'Institut Pasteur de Weltvreden. (Journal de médecine des Indes néerlandaises en 1898.). [Dr Gros.] / Treizième congrès international de médecine,1899,,,"Institut Pasteur de Weltvreden.,congrès international de médecine",,,
"Coup de chaleur et coup de soleil (Étiologie pathogénie, traitement.). Par le Dr Moussoir,",1900,,,,,,
"Clinique chirurgicale de Brest. I. Plaie d'arme à feu par balle de revolver au niveau du pli du coude. - Diagnositc radioscopique. Par le Dr Barret,",1900,Brest,,,,,
Disparition du kakké (béribéri) dans la marine japonaise. Par le Dr Tatsusaburo Yabé,1900,,,,béribéri,,kakké
"Fracture de la voûte du crâne, sans plaie. Épanchement sanguin extra-dural dû à la rupture d'une branche de la méningée moyenne. - Trépanation. - Ligature du vaisseau divisé. - Guérison. Par le Dr J. Tissot, ",1900,,,,,,
"Une cause inattendue de lésion pulmonaire offrant les caractères de la tuberculose au début, par le Dr P. de Champeaux,",1900,,,,tuberculose,,
"Variétés. Statistique de la marine japonaise pour 1895, d'après le Dr Wilm. (Marine-Rundschau, octobre 1898, p. 1393.). / Dr Reinhold Ruge, ",1900,,,,,,
"Variétés. Dr Reinhold Ruge, ",1900,,,,,,
"La lèpre dans le cercle de Thiès (Sénégal), par le Dr Vergues",1900,Sénégal,cercle de Thiès,,lèpre,,
"Notes d'hygiène navale recueillies pendant une campagne dans l'océan Atlantique. Par le Dr Guézennec,",1900,,océan Atlantique,,,,
"Notes sur un type de brancard suspendu destiné aux troupes opérant aux colonies, par le Dr Gastinel,",1900,,,,,,
"Du varicocèle et de son traitement, par le Dr Etourneau,",1900,,,,varicocèle,,
"De la blennorrhagie rhumatismale et de son traitement alcalin, par le Dr Astius Castellan",1900,,,,blennorrhagie rhumatismale,,
"Notes sur le paludisme, par le Dr H. Gros,",1900,,,,paludisme,,
"Le paludisme dans la défense mobile de la Corse. Par le Dr Lacarrière,",1900,Corse,,,paludisme,,
"Note sur l'étuve autoclave du cuirassé le Gaulois. Par le Dr Onimus,",1900,Gaulois,,,,,
"Bataillon d'infanterie de marine stationné à Diégo-Suarez (Madagascar). Par le Dr Aynès,",1900,"Diégo-Suarez,Madagascar",,,,,
"Évolution du paludisme, par le Dr Guiart,",1900,,,,paludisme,,
"Notes sur Kouang-Tchéou-Wan, par le Dr Buffon,",1900,,,,,,
"Faits cliniques. Par le Dr Machenaud,",1900,,,,,,
Projet d'installation d'un second plafond en amiante pour diminuer la chaleur des chambres et de l'infirmerie. Par le Dr Bourdon,1900,,,,,,
"Rapport médical d'inspection générale de 1899 sur le 4e régiment de tirailleurs tonkinois, par le Dr Robert,",1900,,,,,,
"Service médical pendant le combat, par le Dr Jourdan,",1900,,,,,,
Variétés. / Rapport annuel sur l'état sanitaire de la marine néerlandaise pour l'année 1898,1900,,,marine néerlandaise,,,
Variétés. / Coffre à médicaments Duhamelet pour les navires faisant la pêche de la morue sur les bancs de Terre-Neuve,1900,Terre,,,,,
"La tuberculose dans l'arsenal maritime de Brest (étiologie - phophylaxie), par le Dr Auffret",1900,Brest,,,tuberculose,,
"Accidents de paralysie spasmodique observés chez les pêcheurs d'éponges, par le Dr Barbe, ",1900,,,Dr Barbe,,,
"Le paludisme et les moustiques, par le Dr Salanoue-Ipin,",1900,,,,paludisme,,
"De l'accoutumance aux médicaments opothérapiques, par le Dr Brunet,",1900,,,,,,
"Épidémie de grippe, par le Dr Machenaud,",1900,,,,grippe,,
"Cas remarquable de rougeole maligne et compliquée, suivie de guérison après un long traitement (établissement de la marine à Indret), par le Dr Damian,",1900,,,,rougeole maligne,,
"Rapport médical sur la mission marchand de Loango à Djibouti par Fachoda (1896-1899). Par le Dr J. Émily,",1900,"Loango,Djibouti,Fachoda",,,,,
"Notes sur l'éléphantiasis du membre supérieur, par le Dr Tribondeau,",1900,,,,éléphantiasis,,
Deux cas de fracture du deuxième métatarsien. Par le Dr Paucot,1900,,,,,,
Variétés. / Inauguration à Saint-Brieuc du monument de Jules Rochard,1900,Saint-Brieuc,,,,,
Variétés. / A propos de l'évolution du paludisme,1900,,,,paludisme,,
"Rapport médical sur la mission marchand de Loango à Djibouti, par Fachoda (1896-1899). Par le Dr J. Émily,",1900,"Loango,Djibouti,Fachoda",,,,,
"De la névrité radiographique, par le Dr A. Valence",1900,,,,,,
Traitement de la fièvre jaune. Par le Dr Just Touatre,1900,,,,fièvre jaune,,
"La fièvre ondulante (fièvre de malte), par le capitaine M. Louis Hughes,",1900,,,,"fièvre ondulante,fièvre de malte",,
Rapport d'inspection générale sur le 2e bataillon du 8e régiment d'infanterie de marine. Stationné en Crète (1899). Par le Dr Barthélémy,1900,Crète,,,,,
"L'enquête du Dr Mense sur la fièvre bilieuse hématurique, par le Dr H. Gros",1900,,,,fièvre bilieuse hématurique,,
"Influence des climats et des saisons sur les dépenses de l'organisme chez l'homme. Fixation de la ration dans ses diverses conditions, par le Dr E. Maurel,",1900,,,,,,
"Notes sur la stérilisation de l'eau alimentaire à l'école navale (appareil de MM. Rouart, Geneste et Hercher), par le Dr L'Herminier",1900,,,,,,
"Un cas de maladie de parkinson. Essai Étiologique et pathogénique (hôpital maritime de Rochefort), par le Dr Titi",1900,Rochefort,,,maladie de parkinson,,
"Note sur l'occupation de Kouang-Tchéou-Wan, par le Dr Recoules",1900,,,,,,
"Sur le microbe de la peste. Distinction du bacille de Yersin et de Kitasato. - Erreur des recherches de Kitasato. - Spécificité du bacille de Yersin. - Opinion de Kitasato sur la spécificité du bacille de Yersin. - Similitude du bacille de Kitasato avec le pneumocoque. Par le Dr Tatsusaburo Yabé,",1900,,,,peste,,"bacille,bacille,bacille"
"Influence des climats et des saisons sur les dépenses de l'organisme chez l'homme. / Fixation de la ration dans ces diverses conditions. Par le Dr E. Maurel, ",1901,,,,,,
"Abcès du foie et cholerrhagie, par le Dr Lesueur-Florent, ",1901,,,,"Abcès du foie,cholerrhagie",,
"Notes médicales recueillies pendant une campagne dans l'Océan Pacifique, par le Dr Gauran, ",1901,,Océan Pacifique,,,,
"Mobilier chirurgical, par le Dr Lassabatie, ",1901,,,,,,
"Étude sur la statistique médicale des différentes puissances maritimes, par le Dr J.-A. Portengen, ",1901,,,,,,
"Variétés. / Assistance aux pêcheurs de Terre-Neuve. Campagne du navire-hôpital des oeuvres de mer, le ""Saint-Pierre"" en 1900",1901,Terre,,,,,
"Influence des climats et des saisons sur les dépenses de l'organisme chez l'homme. / Fixation de la ration dans ces diverses conditions, par le Dr E. Maurel, ",1901,,,,,,
"La peste à Smyrne en 1900, par le Dr Torel, ",1901,Smyrne,,,peste,,
"Notes médicales recueillies pendant une campagne dans la Manche et la mer du Nord (1900), par le Dr Aurégan, ",1901,,,,,mer du,
"Kéloïde fibromatode du lobule de l'oreille dans la race nègre, par le Dr le Dantec, ",1901,,,,,,
"Variétés. Statistique médicale de la marine de guerre Austro-Hongroise pour les années 1898 et 1899. Traduction de l'analyse du Dr Okuniewski, ",1901,,,,,,
"Variétés. Rapport de la commission royale sur les hôpitaux de l'Afrique du Sud. (D'après The Lancet, du 2 février 1901.). [Dr Bonnafy]. / La Croix Rouge en Chine",1901,Chine,,Croix Rouge,,,
"Postes de combat des blessés et passages des blessés, par le Dr Léo, ",1901,,,,,,
"Note sur la fièvre rémittente climatique à la défense mobile de Bizerte, par le Dr Valmyre, ",1901,Bizerte,,,fièvre rémittente,,
"Observation sur une contusion du thorax avec déchirures pulmonaires et rupture des artères pulmonaires à la suite d'une explosion de cartouche de dynamite. Par le Dr Paucot, ",1901,,,,,,
"Rapport médico-chirurgical sur le service de santé pendant les opérations militaires dans le petchili (Juin-Août 1900). Par le Dr Mercié, ",1901,,,,,,
"Les trypanosomes et leur rôle pathogène. Leçon faite par M. Mesnil, à l'Institut Pasteur, et recueillie par M. le docteur P. Gazeau, ",1901,,,Institut Pasteur,,,
"Note d'ethnographie sur Quang-Tchéou-Wan, par le Dr Vialet, ",1901,,,,,,
"Éducation spéciale des médecins de la marine anglaise, par le Dr Portengen, ",1901,,,marine anglaise,,,
"Service de santé de la division navale de Cochinchine, par le Dr Reboul, ",1901,Cochinchine,,,Service de santé,,
"Note sur quelques modifications apportées à l'examen de la vision dans la marine, par le Dr Salanoue-Ipin, ",1901,,,,,,
"Les résultats de la variolisation, par le Dr H. Gros, ",1901,,,,,,
"Variétés. Statistique de la marine Néerlandaise pour 1899. [Dr Gros]. / Rapport statistique sur la marine impériale allemande du 1er Avril 1897 au 31 Mars 1899, publié par la direction du service de santé du ministère de la marine",1901,,,"marine Néerlandaise,ministère de la",,,
"Mission hydrographique de l'aviso-transport la Rance à Madagascar (1899-1900), par le Dr Joly, ",1901,Madagascar,,,,,
"À propos de l'yerba maté, par le Dr Dedet, ",1901,,,,,,
"Quelques considérations sur la nature de la fièvre climatique à propos de cas observé à bord, par le Dr Chastang, ",1901,,,,fièvre climatique,,
"Alcoolisme. Par le Dr Drago, ",1901,,,,Alcoolisme,,
"Plaie pénétrante de la poitrine par balle de revolver, par le Dr Machenaud, ",1901,,,,,,
"Campo-périmètre, par le Dr Piton, ",1901,,,,,,
Variétés. / Concours sur l'organisation des secours aux victimes des guerres maritimes. [Dr Vincent.]. / Distribution géographique des maladies chirurgicales (Journal of tropical medicine du 15 Mai 1901),1901,,,Journal of tropical medicine,,,
"De l'origine des promotions sorties de l'école navale, de 1884 à 1900, par le Dr Gazeau, ",1901,,,,,,
"Rapport sur l'épidémie de peste à Port-Saïd (Avril-Juillet 1900), par le Dr A. Arbaud, ",1901,Port-Saïd,,,peste,,
"Considérations sur l'hygiène des équipages, par le Dr Ortal, ",1901,,,,,,
"Sur la diarrhée expérimentale de suralimentation, par le Dr Maurel, ",1901,,,,diarrhée expérimentale,,
Variétés. British medical association (Assemblée annuelle tenue à Portsmouth en Août 1899. Section des maladies tropicales.). [Dr Gros.]. / La fièvre jaune et les moustiques. (Mesures prophylactiques prises à Cuba.),1901,"Portsmouth,Cuba",,medical association,fièvre jaune,,
"Une colonne en casamance (Mars-Mai 1901), par le Dr Palasne de Champeaux, ",1901,,casamance,,,,
"Du rôle de la suralimentation dans la production des diarrhées de la saison chaude et des pays chauds, par M. E. Maurel, ",1901,,,,,,
"Le navire-hôpital Américain le relief, par le Dr Bellot, ",1901,,,,,,
Variétés. Statistique de la marine Japonaise pour 1897. [Dr H. Gros.],1901,,,,,,
"Variétés. Sur la présence endémique en Allemagne de l'hémoglobinurie du boeuf (Fièvre du Texas), par M. le Dr H. Ziemann, ",1901,,,,Fièvre,,boeuf
"L'acuité visuelle des officiers de la marine de guerre et de la marine marchande. / Nouveau procédé pour la mesurer : 1° Amétropomètre. - 2° Disque optométrique. Par le Dr Le Méhauté, ",1901,,,,,,
"Du chauffage à bord, par le Dr Drago, ",1901,,,,,,
"Notes cliniques recueillies à bord de l'iphigénie, par le Dr Gazeau, ",1901,,,,,,
"Traitement des accès de fièvre bilieuse hémoglobinurique par des injections de chlorure de sodium, par le Dr Paucot, ",1901,,,,fièvre bilieuse,,
"Désinfection des caisses à eau par le flambage, par le Dr Lasserre, ",1901,,,,,,
"Hygiène des bâtiments et des équipages de l'escadre du nord, par le Dr Danguy des déserts",1901,,,,,,
"L'assistance médicale en Algérie, par le Dr H. Gros, ",1901,Algérie,,,,,
Variétés. Statistiques de l'armée des Indes Néerlandaises pour 1898 et 1899. [Dr H. Gros.]. / Pansements tout préparés pour le service de l'avant,1901,,,,,,
Variétés. Pansements tout préparés pour le service de l'avant. / Secours des blessés pendant le combat dans la marine Anglaise,1901,,,marine Anglaise,,,
Variétés. Secours des blessés pendant le combat dans la marine Anglaise.,1901,,,marine Anglaise,,,
"Hygiène des bâtiments et des équipages de l'escadre du nord, par le Dr Danguy des Déserts, ",1901,,,,,,
"Notes sur le service de santé à bord, par le Dr Léo, ",1901,,,,,,
"Une visite aux différentes formations sanitaires installées à Pékin, par le Dr Machenaud, ",1901,Pékin,,,,,
"Notes thérapeutiques, par le Dr H. Gros, ",1901,,,,,,
"Hygiène des bâtiments et des équipages de l'escadre du Nord, par le Dr Danguy des Déserts, ",1902,Nord,,,,,
"Notes sur les navires-hôpitaux allemands et russes pendant la campagne de Chine, par le Dr Bellet, ",1902,Chine,,,,,
"Médecine et chirurgie indigènes au Tonkin, par le Dr Vialet, ",1902,Tonkin,,,,,
"Comment on naît à Madagascar, par le Dr Joly, ",1902,Madagascar,,,,,
"Un cas de paralysie spinale syphilitique d'Erb, par le Dr Abbatucci, ",1902,,,,,,
"Variétés. / Service médical dans les colonies de la couronne et les protectorats en Angleterre. Traduit de l'anglais. (The Journal of tropical medicine, 2 décembre 1901, p. 400)",1902,Angleterre,,The Journal of tropical medicine,,,
"Pêcheurs de Terre-Neuve en 1901. Par M. le Dr Glérant, ",1902,Terre,,,,,
"Contribution à la géographie médicale du territoire contesté franco-brésilien, par le Dr Mathis, ",1902,,,,,géographie médicale,
"Notes sur quelques cas d'une fièvre « indéterminée » observée sur les côtes de Chine, par le Dr Rousseau, ",1902,Chine,,,fièvre,,
Variétés. / Service de santé en campagne,1902,,,,,,
"Rapport médical sur le corps expéditionnaire de Chine (1900-1901), par MM. Jacquemin, ",1902,Chine,,,,,
Variétés. / Le projet d'augmentation de la flotte allemande et le corps de santé de la marine,1902,,,,,,
"Le croiseur-école d'application le Duguay-Trouin, par le Dr Jan, ",1902,,,,,,
"Contribution à l'hygiène navale. Utilisation de la vapeur d'eau pour la chasse des produits ocreux dans les caisses et dans le tuyautage à eau distillée, par le Dr Guézennec, ",1902,,,,,,
"Sur un cas d'Escarres consécutives à un traumatisme de la colonne vertébrale, par le Dr Laurent, ",1902,,,,traumatisme,,
"Variétés. Le paludisme dans la campagne romaine. [Bavayi.]. / xive congrès international de médecine qui se tiendra à Madrid, 23-30 avril 1903",1902,Madrid,,xive congrès international de médecine,paludisme,,
"Notes médicales sur le poste de Moncay (Tonkin), par le Dr Abbatucci, ",1902,"Moncay,Tonkin",,,,,
"Étude hygiénique du dépôt de convalescents des troupes coloniales de l'île de Porquerolles, par le Dr Astius Castellan, ",1902,île de Porquerolles,,,,,
"Hygiène capillaire, par le Dr Couteaud, ",1902,,,,,,
"Service de santé de la Direction du port de Ching-Wan-Tao, par le Dr Creignon,",1902,Ching-Wan-Tao,,,Service de santé,,
"De l'origine toxi-alimentaire du scorbut, par le Dr L. Chastang,",1902,,,,scorbut,,
"De l'origine toxi-alimentaire du scorbut, par le Dr L. Chastang,",1902,,,,scorbut,,
"Deux paralysies du bras causées l'une par le paludisme, l'autre par le plomb, par le Dr Barbe, ",1902,,,Dr Barbe,paludisme,,
"Hygiène des cheveux et de la barbe, par le Dr Laugier, ",1902,,,,,,
"Variétés / Une visite à l'hôpital militaire d'Hiroshima (Japon), par le Dr Pfihl, ",1902,"Hiroshima,Japon",,,,,
"Les enseignements d'une statistique / Le diagnostic du paludisme et de quelques autres maladies sous les tropiques. La distribution géographique de quelques maladies cosmopolites d'après les statistiques médicales de l'armée des Indes néerlandaises de 1897 à 1899, par le Dr H. Gros",1902,,,,paludisme,,
"Du kyste hématique épididymaire, par le Dr A. Valence, ",1902,,,,kyste hématique épididymaire,,
"Intoxication quinique anodine, par le Dr L.-E. Bertrand, ",1902,,,,,,
"Hépatite suppurée. Note sur les méthodes des chirurgiens anglais de l'hôpital de Shang-Haï (Méthode de stromeyer-little; de Henderson-Neil Mac-Leod), par le Dr Moulinier, ",1902,,,,Hépatite suppurée,,stromeyer
"Projet d'un sac-ambulance, par le Dr Duclot,  / Composition du sac-ambulance",1902,,,,,,
"Projet d'un sac-ambulance, par le Dr Duclot,  / Sections à pourvoir de sacs-ambulance / Variétés / Septième conférence internationale de la Croix-Rouge, tenue à Saint-Pétersbourg en 1902",1902,Saint-Pétersbourg,,Croix-Rouge,,,
"Défense de la méditerranée contre le pèlerinage de la Mecque. Organisation sanitaire du Maroc, par le Dr Torel,  / État actuel du Maroc. Absence de toute notion d'hygiène",1902,"Mecque,Maroc,Maroc",,,,,
"Une observation d'atrophie testiculaire survenue dans le cours d'une pneumonie lobaire, par le Dr Rousseau, ",1902,,,,pneumonie lobaire,,
"Le développement physique chez les mousses du vaisseau-école « La Bretagne », par le Dr C. Mathis",1902,Bretagne,,,vaisseau,,
"Extrait du rapport de fin de campagne du Dr Barbe, ",1902,,,Dr Barbe,,,
"Médecine européenne et médecine indigène en Extrême-Orient, par le Dr Jules Régnault",1902,,,,,,
"Nécessité de notions hygiéniques à donner aux équipages, par le Dr Douarre",1902,,,,,,
"Rapport clinique sur la malaria, par le Dr J. Bell, ",1902,,,,malaria,,
Variétés / Statistique de la marine néerlandaise pour 1900,1902,,,marine néerlandaise,,,
"Extraction d'un corps étranger du rectum, par le Dr E. Plagneux, ",1902,,,,,,
"Hôpitaux et Lazarets de la mer rouge, par le Dr Avrilleaud",1902,,mer rouge,,,,
"Mission hydrographique du « Bengali » dans le golfe de Siam. Rapport médical, par le Dr A. Lafolie",1902,,golfe de Siam,,,,
"Hydrologie médicale (oxalurie), par le Dr Dedet",1902,,,,,Hydrologie médicale,
Avis de la direction,1902,,,,,,
"La peste chez les animaux, spécialement dans ses rapports avec la prophylaxie sanitaire, par le Dr Torel",1902,,,,peste,,
"Mission hydrographique du ""Bengali"" dans le golfe de Siam. Rapport médical, par le Dr A. Lafolie, ",1902,,golfe de Siam,,,,
"La prophylaxie par l'eau de boisson dans la marine, par le Dr le Méhauté,",1903,,,,,,
"Lutte contre la tuberculose à bord, par le Dr Couteaud",1903,,,,tuberculose,,
"Établissements hospitaliers en Islande, par le Dr Fallier",1903,Islande,,,,,
"Le couchage du matelot, par le Dr A. Valence, ",1903,,,,couchage du matelot,,
"Lèpre observée dans la région de Lang-Son (Tonkin), parmi les populations de race Tho, par le Dr Moulinier, ",1903,Tonkin,,race Tho,Lèpre,,
Bulletin Officiel. / Janvier 1903. Dépêches ministérielles concernant les officiers du corps de santé de la marine,1903,,,,,,
"Bizerte et les établissements de la marine dans le goulet et le lac, par le Dr Dufour, ",1903,Bizerte,,,,,
"De la désinfection à bord des bâtiments. Par l'appareil clayton, par le Dr Vialet",1903,,,,,,
"Variétés. / Conclusions. Présentées à la conférence internationale pour la prophylaxie de la syphilis et des maladies vénériennes tenue à Bruxelles en septembre 1902, par M. le Dr Auffret",1903,Bruxelles,,,,,
"Variétés. Adoption, dans le matériel médical, de pansements tout préparés. [C. Pelletan.]. / La lutte contre l'alcoolisme",1903,,,,alcoolisme,,
Variétés. La lutte contre l'alcoolisme. / La lutte contre la tuberculose,1903,,,,"alcoolisme,tuberculose",,
"Considérations relatives à la suppression de la filtration de l'eau distillée sur les bâtiments, par le Dr Guézennec",1903,,,,,,
"Accidents provoqués par les gaz délétères de la poudre sans fumée, par le Dr Torel",1903,,,,,,
Variétés. Note concernant le développement des élèves de l'école navale (promotion du 1er octore 1902). Par le Dr Thémoin,1903,,,,,,
"Variétés. Perforation intestinale dans la fièvre typhoïde : second cas d'opération suivie de succès, par A. Bowlby. Résumé par le Dr Guibaud",1903,,,,fièvre typhoïde,,
"Variétés. Historique de la découverte des trypanosomes chez l'homme, par R. W. Boyce, Ronald Ross et Ch. S. Sherrington, traduit de l'anglais, par le Dr Guibaud",1903,,,,,,trypanosomes
"Variétés. Méthode perfectionnée pour le diagnostic microscopique de la fièvre intermittente, par M. Ronald Ross, traduit de l'anglais, par M. le Dr M. Guibaud",1903,,,,fièvre intermittente,,
"Variétés. Influences des mesures sanitaires pour la prophylaxie de la fièvre typhoïde et de la dysenterie, par le capitaine Le Hunte-Cooper, ",1903,,,,"fièvre typhoïde,dysenterie",,
"Nouvelle méthode d'analyse pour reconnaître la falsification des huiles, par M. Tambon",1903,,,,,,
Variétés. / Le service religieux dans les hôpitaux de la marine,1903,,,,,,
Variétés. / Le fonctionnement du service dans les hôpitaux civils à Paris,1903,Paris,,,,,
Variétés. Le fonctionnement du service dans les hôpitaux civils à Paris. [G. Mesureur.]. / Extrait du programme des concours de l'académie royale de médecine de Belgique,1903,Paris,,académie royale de médecine de Belgique,,,
Bulletin Officiel. / Mars-avril 1903. Dépêches ministérielles concernant les officiers du corps de santé de la marine,1903,,,,,,
"Postes et passages des blessés à bord du croiseur cuirassé « Montcalm », par le Dr Léo, ",1903,,,,,,
"Variétés. 14e congrès international de médecine, tenu à Madrid, par le Dr Auffret, ",1903,Madrid,,,,,
"Variétés. Risque d'introduction de la fièvre jaune en Asie, par Patrick Manson. (Traduit de l'anglais par le Dr Guibaud, ",1903,Asie,,,fièvre jaune,,
Variétés. Les punitions dans la marine. / Fermeture des chapelles de la marine,1903,,,,,,
Variétés. Fermeture des chapelles de la marine. / La distribution de la viande à bord,1903,,,,,,
Variétés. La distribution de la viande à bord. / Remplacement du café par une soupe pour le déjeuner des équipages. / Exposition d'hygiène et de secours aux blessés,1903,,,,,,
Variétés. / Interdiction du tabac aux mousses. / Délivrance d'effets. / Simplification des formules de politesse dans la correspondance officielle. [Tissier],1903,,,,,,
"Variétés. / Lutte contre la tuberculose (Nouvelle plaquette délivrée gratuitement par la Société de préservation contre la tuberculose). / Les crachoirs hygiéniques, par le Dr Chambissier (thèse)",1903,,,Société de préservation contre la tuberculose,tuberculose,,
"Variétés. Les crachoirs hygiéniques, par le Dr Chambissier (thèse). [James Niven]",1903,,,,,,
"Le choléra à bord de la « Comète », par le Dr Lasserre, ",1903,,,,choléra,,
"Note complémentaire sur le développement des élèves de l'École navale, par le Dr Thémoin, ",1903,,,,,,
"Nos pêcheurs des bancs et du French Shore, par le Dr A. Titi, ",1903,,,,,,
Variétés. Création d'un brevet d'officier interprète. [Camille Pelletan],1903,,,,,,
Variétés. Statistique médicale annuelle de la marine. [Camille Pelletan],1903,,,,,,
Variétés. Officiers en instance de convalescence. / Résidence libre. / Thermomètres enregistreurs. / Délivrance de ceintures de flanelle,1903,,,,,,
Variétés. Délivrance de ceintures de flanelle. / Modification dans l'aménagement des navires. / Matériel de cuisine. / Admissions dans les hôpitaux. / Acuité visuelle des marins réadmis ou rengagés,1903,,,,,,
Variétés. Acuité visuelle des marins réadmis ou rengagés. / Draps de hamac. / L'expédition Charcot,1903,,,,,,
"Variétés. / Avis concernant l'admission, en 1903, dans les trois écoles annexes de médecine navale et à l'École principale du Service de santé de la marine à Bordeaux",1903,,,"École principale du,Service de santé de la marine à Bordeaux",,,
"La table du matelot, par le Dr A. Valence, ",1903,,,,table du matelot,,
"La conservation de l'eau potable à bord des navires de guerre, par le Dr L. Sestini, ",1903,,,,,,
Variétés. Permutations. / Veston de cuir et veston de drap noir. / Ameublement de bord. / Question de préséance,1903,,,,,,
Variétés. Question de préséance. / Frais d'embarquement et de débarquement des bagages. / Visites de Corps,1903,,,,,,
"Variétés. Visites de Corps. Visite du Ministre de la Marine à l'École principale du Service de santé de la Marine à Bordeaux. / Autorisation accordée aux officiers et fonctionnaires de la Marine, de faire partie de la société pour la propagation des langues étrangères en France. / Délivrance d'un thermo-cautère aux navires pourvus d'un médecin",1903,"Bordeaux,France",,"École principale du,Service de santé de la",,,
"Le croiseur de 2e classe « Pascal » dans l'escadre de l'Extrême-Orient, en 1901-1902, par le Dr Richer de Forges, ",1903,,Extrême-Orient,,,,
"Souvenirs de croisière dans la Mer Rouge, par le Dr Bartet, ",1903,,Mer Rouge,,,,
"La filtration de l'eau potable à bord des navires de guerre, par le Dr Sestini, ",1903,,,,,,
Variétés. Admission des pensionnaires de la marine dans les établissements hospitaliers de la guerre. / Décoration des édifices de la marine. / Suppression de la grande tenue pour les officiers des différents corps de la marine. [Camille Pelletan],1903,,,,,,
Variétés. / Notification d'un décret sur les frais de route et de séjour,1903,,,,,,
"Variétés. Notification d'un décret sur les frais de route et de séjour. [Camille Pelletan]. / Délivrance d'une seringue de roux aux navires effectuant des campagnes lointaines. (Services de la Flotte armée, Service administratif de la Flotte, Subsistances et Hôpitaux.)",1903,,,"Services de la Flotte armée,Service administratif de la Flotte",,,
Variétés. / Liste des périodiques échangés avec les archives de médecine navale,1903,,,,,,
"Transformation myéloïde complète de la rate dans une intoxication subaiguë par le bichlorure de mercure. Étude anatomo-pathologique, par le Dr Moulinier, ",1903,,,,,,
Variétés. Circulaire du ministre de la marine relative à l'attribution du brevet d'officier interprète aux officiers de réserve. [Camille Pelletan]. / Eaux thermales. / Peinture au minium. / L'hygiène dans la flotte,1903,,,,,,
Variétés. / La lutte contre la syphilis,1903,,,,,,syphilis
"Climatologie et hygiène, influence de l'état électrique de l'atmosphère, particulièrement à Madagascar, par M. le Dr Joly",1903,Madagascar,,,,,
"Hernie crurale étranglée, kélotomie, anus contre nature, guérison, par le Dr Barbe, ",1903,,,Dr Barbe,Hernie,,
"Fracture de la base du crâne, par le Dr Vialet, ",1903,,,,,,
"Méthylarsinates de mercure, par M. Saint-Sernin, ",1903,,,,,,
"L'eau distillée, comme eau de boisson à bord, par le Dr Pungier, ",1903,,,,,,
"L'hygiène et les hôpitaux à Cuba, à la Nouvelle-Orléans et à New-York, par le Dr Pungier, ",1903,"Cuba,Nouvelle-Orléans,New-York",,,,,
"Variétés. / Laïcisation et organisation des services dans les hôpitaux de la marine (rapport au président de la république française, décret et arrêté ministériel)",1903,,,,,,
 Circulaire relative à la modification des heures de visite médicale dans les hôpitaux maritimes,1903,,,,,,
Variétés. Circulaire relative à la modification des heures de visite médicale dans les hôpitaux maritimes. [Camille Pelletan]. / Hôpitaux d'Islande,1903,Islande,,,,,
L'hygiène à bord du Suffren. / Décision ministérielle autorisant les officiers à faire partie de la ligue des médecins et des familles,1903,,,,,,
"Variétés. / Rapport au président de la république, suivi d'un décret portant modifications à l'ordonnance du 26 janvier 1832 sur les pensions de l'armée de mer. [Camille Pelletan]",1903,,,,,,
"Variétés. Rapport au président de la république, suivi d'un décret portant modifications à l'ordonnance du 26 janvier 1832 sur les pensions de l'armée de mer. [Émile Loubet]. / Visite médicale des marins. [Camille Pelletan]",1903,,,,,,
Variétés. / The association of military surgeons of the United States. [James Evelyn Pilcher]. / The Enno Sander Prize,1903,,,The association of military surgeons,,,
"Appareil électrolyseur de l'eau de mer pour la désinfection des poulaines, par le Dr E. Bellet",1903,,,,,,poulaines
"Contribution à l'étude du pian à la Côte d'Ivoire, son traitement par le bichromate de potasse, par le Dr Cannac",1903,Côte d'Ivoire,,,"pian,bichromate de potasse",,
"Un cas de chondrome du médius droit, par le Dr Lafolie",1904,,,,,,chondrome du médius
"Méthylarsinate de bismuth, par M. A. Saint-Sernin",1904,,,,,,
"Variétés. / Délivrance aux contre-torpilleurs d'escadre d'un filtre système Lapeyrère. [Camille Pelletan.]. / Dépêche ministérielle adressée au directeur des forges de la chaussade, à Guérigny",1904,,,,,,
"Variétés. Dépêche ministérielle adressée au directeur des forges de la chaussade, à Guérigny. [Camille Pelletan.]. / Visite du ministre de la marine à l'école principale du service de santé de la marine à Bordeaux. / Dépêche ministérielle relative à l'entretien des coffres à médicaments et à pansements",1904,,,école principale du service de santé de la marine à Bordeaux,,,
Variétés. Dépêche ministérielle relative à l'entretien des coffres à médicaments et à pansements. [Camille Pelletan.]. / Hygiène sociale,1904,,,,,,
"La lutte contre le paludisme dans l'est africain allemand, par le Dr Souls",1904,,,,paludisme,,
"Note sur le goundou ou anakhré, par le Dr Cannac",1904,,,,,,
"Un cas de maladie du sommeil (observé à la Côte d'Ivoire), par le Dr Cannac",1904,Côte d'Ivoire,,,maladie du sommeil,,
"La médecine navale aux XVIIe et au XVIIIe siècle, par le Dr Reinhold Ruge,",1904,,,,,,
"Variétés. Plaie pénétrante de l'abdomen par arme à feu, sans lésions de viscères, par le Dr H. Gros",1904,,,,,,
"Essai étiologique et pathogénique sur la tuberculose, par le Dr Albert Titi",1904,,,,"Essai étiologique,tuberculose",,
"Fonctionnement du service médical du « Peï-Ho », par le Dr Normand",1904,,,,,,
"La médecine navale au XVIIe et au XVIIIe siècle, par le Dr Reinhold Ruge,",1904,,,,,,
"Accidents survenus à la suite de l'explosion d'un réservoir de torpille à bord du Jauréguiberry, par le Dr Guézennec",1904,,,,,,
"Variétés. / Isolement, dans les hôpitaux de la marine, des malades atteints de maladies contagieuses et en particulier de tuberculose pulmonaire ouverte",1904,,,,tuberculose pulmonaire,,
Variétés. / Modification du décret du 4 août 1903 supprimant la grande tenue des officiers supérieurs et subalternes. [C. Pelletan.]. [Émile Loubet.],1904,,,,,,
Variétés. / Répartition des archives de médecine navale pour l'année 1904,1904,,,,,,
Variétés. Répartition des archives de médecine navale pour l'année 1904. / Liste des périodiques échangés avec les archives de médecine navale,1904,,,,,,
"L'hôpital du croiseur ""Jeanne-d'Arc"". Son installation, par le Dr Lassabatie",1904,,,,,,
"La canonnière le ""Capricorne"" dans l'océan indien (1902-1904), par le Dr Chemin",1904,,océan indien,,,,
"Étude médicale de l'île de Groix, par le Dr Vincent",1904,île de Groix,,,,,
"Variétés. / Aspirateur potain modifié, par le Dr Palasne de Champeaux",1904,,,,,,
Variétés. / Modification du fonctionnement des hôpitaux maritimes,1904,,,,,,
Variétés. Modification du fonctionnement des hôpitaux maritimes. [C. Pelletan.]. / Application dans la marine de la loi du 15 février 1902 relative à la protection de la santé publique,1904,,,,,,
La tuberculose dans la marine au port de Brest. Par le Dr Friocourt,1904,Brest,,,tuberculose,,
"Hôpital maritime de Port-Louis. Migration vers le rein droit d'un abcès du foie, sans pénétration dans les voies urinaires. Ouverture par la voie lombaire. Guérison. Par le Dr Pfihl",1904,Port-Louis,,,abcès du foie,,
"Recherches sur les méthylarsinates, par M. Saint-Sernin",1904,,,,,,
"Étude médicale de l'île de Groix, par le Dr Vincent,",1904,île de Groix,,,,,
Variétés. / Modifications à introduire dans la liste des médicaments en usage dans les hôpitaux. [C. Pelletan.],1904,,,,,,
"L'hôpital de combat à bord de Cesarevitch, par le Dr Fontan, ",1904,,,,,,
"L'hygiène du marin en 1903, à bord du croiseur cuirassé Pothuau (escadre de la Méditerranée), par le Dr Trabaud, ",1904,,Méditerranée,,,,
"L'explosion du « Forbin », croiseur de 3e classe, par le Dr L'Helgouach, ",1904,,,,,,
Variétés. Puériculture. [Dr E. Ausset.]. / Tarif des tirages à part des travaux insérés dans les archives de médecine navale,1904,,,,,,
"Essai historique, critique et clinique sur le traitement de la pneumonie lobaire ou fibrineuse aiguë, par le Dr L.-E. Bertrand, ",1904,,,,"pneumonie lobaire,fibrineuse aiguë",,
"Note médicale sur l'hôpital russe du Munychie (Grèce), par le Dr Duval, ",1904,Grèce,,,,,
"Étude médicale de l'île de Groix, par le Dr Vincent, ",1904,île de Groix,,,,,
Variétés. Mesures à prendre en vue de la prophylaxie de la tuberculose dans les casernes de gendarmerie. [C. Pelletan.]. / Limitation des délivrances de lait au personnel employé journellement au maniement des peintures. Rappel des précautions à observer pour l'exécution de certains travaux pouvant offrir des dangers,1904,,,,tuberculose,,
Variétés. Limitation des délivrances de lait au personnel employé journellement au maniement des peintures. Rappel des précautions à observer pour l'exécution de certains travaux pouvant offrir des dangers. [C. Pelletan.]. / Enlèvement des emblèmes religieux garnissant des locaux autres que les chapelles. [C. Pelletan.],1904,,,,,,
"Hôpital maritime de Lorient. Hépatite suppurée nostras idiopathique, à évolution latente et à symptômatologie fruste. - Grand abcès unique, enkysté, staphylococcique. Ouverture dorsale postéro-inférieure. - Guérison. Par le Dr F. Michel, ",1904,Lorient,,,"Hépatite,abcès unique",,
"Que peut-il arriver aux blessés dans une guerre maritime ? Par le vice-amiral D. Paschen, traduit de l'allemand par le Dr E. Bellet, ",1904,,,,,,
"L'eau potable à bord. Captation et distribution de l'eau potable, eau distillée et eau stérilisée, par le Dr P. le Méhauté, ",1904,,,,,,
Variétés. / Organisation de l'inspection du travail dans les établissements de la marine,1904,,,,,,
"Contribution à la prophylaxie de la tuberculose dans la marine, par le Dr Guès, ",1904,,,,tuberculose,,
"L'eau potable à bord. Captation et distribution de l'eau potable. Eau distillée et eau stérilisée, par le Dr P. le Méhauté, ",1904,,,,,,
"Les navires-hôpitaux japonais. Par le Dr Georges Varenne, ",1904,,,,,,
"Le bassin du Yang-Tsé-Kiang. Par M. le Dr Rideau, ",1904,,,,,Yang-,
"Les maladies de misère physiologique chez les pêcheurs de Terre-Neuve, par le Dr G. Bonain, ",1904,Terre,,,misère physiologique,,
Variétés. Examen de la vision des candidats à l'École navale. [C. Pelletan.]. / Mesures à prendre pour éviter la propagation de la tuberculose. [C. Pelletan.],1904,,,,tuberculose,,
"Notes sur la côte ouest de Madagascar, par le Dr L. Cassien, ",1904,Madagascar,,,,,
"La mécanothérapie et les blessés de la marine, par le Dr G. Bonain",1904,,,,,,
"Note sur l'emploi de la stovaïne en art dentaire, par le Dr Gauran",1904,,,,,,stovaïne
"Le territoire de Quang-Tchéou-Wan, par le Dr Cazamian, ",1904,,,,,,
"Action pathogène des parasites de l'intestin : appendicite, fièvre typhoïde, dysenterie, par le Dr Jules Guiart, ",1904,,,Action pathogène des parasites de l'intestin,"fièvre typhoïde,dysenterie",,
"Variétés. / Conditons dans lesquelles les marins et militaires, etc., pourront sortir des hôpitaux maritimes avant complète guérison",1904,,,,,,
"Variétés. Conditons dans lesquelles les marins et militaires, etc., pourront sortir des hôpitaux maritimes avant complète guérison. [C. Pelletan.]. / Service des médecins et pharmaciens de 3e classe à l'école d'application. [C. Pelletan.]",1904,,,école d'application.,,,
"Réservoirs d'eau métalliques et leur cimentage à bord des navires de guerre, par le Dr A. Valence, ",1904,,,,,,
"Un cas de lèpre observé à l'hôpital maritime de Brest, par le Dr Thémoin, ",1904,Brest,,,lèpre,,
"Un cas de lèpre observé à l'hôpital maritime de Brest, par le Dr Thémoin",1904,Brest,,,lèpre,,
"Les moules et la fièvre typhoïde, par le Dr Pungier, ",1904,,,,fièvre typhoïde,,
"Note médicale sur une expédition militaire dans l'intérieur de l'île de Céram, par le Dr J.-B. van Leent, ",1904,île de Céram,,,,,
"Étude sur le développement des apprentis à l'entrée et à la sortie de l'école des ouvriers mécaniciens de la marine, par le Dr Lacarrière, ",1904,,,école des ouvriers mécaniciens de la marine,,,
"Hôpital maritime de Lorient. Péritonite suppurée consécutive à une perforation de l'intestin grêle de cause indéterminée. - Laparotomie et suture après 52 heures. - Guérison. Par les docteurs F. Michel, ",1904,Lorient,,,,,
"Les contre-torpilleurs de l'escadre de la Méditerranée en 1904, par le Dr Duval,",1905,,Méditerranée,,,,
"La station locale du Congo Français et du Gabon, par M. le Dr Duville,",1905,"Congo Français,Gabon",,,,,
Variétés. / Congrès international de médecine à Lisbonne en 1906. / Rangs de préséance des officiers embarqués. Circulaire. [C. Pelletan.],1905,Lisbonne,,,,,
"Service de santé à bord, en temps de guerre, par le Dr Valence,",1905,,,,Service de santé,,
"Production, conservation et distribution de l'eau douce à bord du croiseur italien Varèse, par le Dr C.-M. Belli, ",1905,,,,,,
Variétés. / Départ des Islandais et des Terres-Neuvas. / Prix Blache. / Traitement de la fièvre typhoïde par le pyramidon,1905,,,,fièvre typhoïde,"Islandais,Terres",pyramidon
"Premiers secours aux blessés dans un combat maritime, par le Dr John Cropper Wise,",1905,,,,,,
"L'électricité médicale dans la marine, par le Dr Albert Titi,",1905,,,,,,
"Influence de l'hygiène et de la nourriture sur le développement du scorbut à bord des bâtiments pêcheurs de Terre-Neuve, par le Dr Lucas,",1905,Terre,,,scorbut,,
"Curieux effet de caléfaction ; un cas de brûlure de l'oeil, par le Dr A. Lafolie,",1905,,,,brûlure,,
Les secours aux blessés dans les guerres maritimes,1905,,,,,,
"Variétés. Mise en service de l'hôpital de Sidi-Abdallah. [Bernard, Gaston Thomson.]. / Demande de renseignements concernant la tuberculose",1905,,,,tuberculose,,
Variétés. Demande de renseignements concernant la tuberculose. [Bernard.]. / Autorisation de prendre part aux travaux des congrès coloniaux français. [Gaston Thomson.]. / Délivrance du baume du Dr Baissade aux navires de plus de 150 hommes,1905,,,congrès coloniaux français,tuberculose,,
Variétés. Délivrance du baume du Dr Baissade aux navires de plus de 150 hommes. [Gaston Thomson.]. / Avantages concédés au personnel de la marine par la société des eaux minérales de Châtel-Guyon. [Bernard.],1905,Châtel-Guyon,,,,,
"Hôpital maritime de Lorient. / Deux cas opérés d'occlusion intestinale aiguë, l'un par diverticule de Meckel et l'autre par brides mésentériques congénitales, par le Dr Michel, ",1905,Lorient,,,,,
"Hôpital maritime de Lorient. Deux cas opérés d'occlusion intestinale aiguë, l'un par diverticule de Meckel et l'autre par brides mésentériques congénitales, par le Dr Michel, ",1905,Lorient,,,,,
"La tumeur bilatérale du nez des pays tropicaux, par le Dr Friedrichsen, à Zanzibar (Est de l'Afrique), traduit de l'allemand, par le Dr Souls,",1905,Zanzibar,,,tumeur bilatérale,,
Les secours aux blessés dans les guerres maritimes. (Suite.),1905,,,,,,
Variétés. / Autorisation à M. le pharmacien en chef de 2e classe Robert de collaborer au Droit médical. [Bernard.]. / Modification des coffres à pansement Pa et Pb. Création d'un coffre de mobilisation Pb2,1905,,,,,,
"L'hygiène navale à bord du croiseur cuirassé Marseillaise, par le Dr Valence,",1905,,,,,,
Les secours aux blessés dans les guerres maritimes. (Fin.),1905,,,,,,
"Variétés. Rapport approuvé par le président de la république et suivi d'une circulaire modifiant le décret du 19 novembre 1903 sur la responsabilité du matériel des bâtiments. [Gaston Thomson, Émile Loubet.]. / Circulaire",1905,,,,,,
"Variétés. Circulaire. [Gaston Thomson.]. / Rapport au président de la république, suivi d'un décret portant création de deux classes dans le grade de premier-maître infirmier",1905,,,,,,
"Variétés. Rapport au président de la république, suivi d'un décret portant création de deux classes dans le grade de premier-maître infirmier. [Gaston Thomson.]. / Décret. [Émile Loubet, Gaston Thomson.]",1905,,,,,,
"La fièvre bilieuse hémoglobinurique, par le Dr Jules Regnault,",1905,,,,fièvre bilieuse,,
"L'hygiène navale à bord du croiseur cuirassé Marseillaise, par le Dr Valence, ",1905,,,,,,
"Variétés. Modifications au décret du 15 mai 1903 portant création d'un brevet d'officier interprète. [Émile Loubet, Gaston Thomson.]. / Autorisation à M. le médecin en chef Duchateau de collaborer au traité encyclopédique d'hygiène. [Gaston Thomson.]. / Mission pour l'étude de la tuberculose à l'étranger",1905,,,Mission pour l'étude de la tuberculose,,,
Hôpital maritime de Brest. / Tumeur volumineuse de la parotide gauche (adéno-myxo-chondro-sarcome). - Extirpation. - Guérison. Par le Dr Pfihl,1905,Brest,,,,,
Hôpital maritime de Brest. Tumeur volumineuse de la parotide gauche (adéno-myxo-chondro-sarcome). - Extirpation. - Guérison. Par le Dr Pfihl,1905,Brest,,,,,
"L'hygiène navale à bord du croiseur cuirassé Marseillaise, par le Dr Valenge",1905,,,,,,
"L'infection palustre et son traitement. Étude pratique, par le Dr H. Gros",1905,,,,,,
"L'hygiène et les hôpitaux à Buenos-Ayres, en 1905, par le Dr Duchateau",1905,Buenos-Ayres,,,,,
"Le congrès colonial de 1905. Compte rendu, par le Dr J. Regnault",1905,,,congrès colonial de 1905,,,
"L'hygiène navale à bord du croiseur cuirassé marseillaise, par le Dr Valence,",1905,,,,,,
"L'infection palustre et son traitement. Étude pratique, par le Dr H. Gros. (Suite.)",1905,,,,,,
"Aptitude physique pour le service à bord des sous-marins, par le Dr J. Regnault",1905,,,,,,
"L'infection palustre et son traitement. Étude pratique, par le Dr H. Gros",1905,,,,,,
"Plaie pénétrante de l'abdomen avec issue de l'intestin. Fistule stercorale consecutive. - Guérison. / Observation recueillie à l'hôpital maritime de Brest. Par le Dr Pungier,",1905,Brest,,,,,
"Deux cas de fracture de la rotule, par le Dr Machenaud",1905,,,,,,
"Considérations hygiéniques sur les navires sous-marins, par le Dr C.-M. Belli,",1905,,,,,,
"Quelques cas de fluxions articulaires, apyretiques et éphémères, probablement rhumatismales. Par le Dr Brunet",1905,,,,,,
"Surrénalité mercurielle chez l'homme. Son importance en pathologie, par le Dr Moulinier",1905,,,,,,
Variétés. / Tenues des officiers et fonctionnaires des différents corps de la marine,1905,,,,,,
"Variétés. / Liste des communications inscrites au congrès international de la tuberculose (Paris, 2-7 octobre 1905)",1905,Paris,,,tuberculose,,
"Étiologie et prophylaxie de la tuberculose dans la marine, par le Dr Auffret",1905,,,,tuberculose,,
"Fonctionnement du service de santé dans les dépôts, par le Dr Lafolie",1905,,,,,,
"L'escadre de l'extrême-orient en 1903-1905, par le Dr Abelin",1905,,,,,,
"Eau potable à bord du Duguay-Trouin, par le Dr Le Méhauté",1905,,,,,,
"Variétés. Traitements électriques et radiographiques. [Gaston thomson.]. / Les repas ne sont dus aux médecins et pharmaciens de 3e classe stagiaires à l'école d'application, que pendant la période scolaire. [Gaston Thomson.]. / Repas accordés au personnel du service des hôpitaux. [Gaston Thomson.]",1905,,,école d'application,,,
"L'escadre de l'Extrême-Orient en 1903-1905, par le Dr Abelin, ",1905,,Extrême-Orient,,,,
"Le foyer du marin et du soldat de Toulon, par le Dr J. Regnault, ",1905,Toulon,,,,,
"L'infection palustre et son traitement. Étude pratique, par le Dr H. Gros, ",1906,,,,,,
"Traumatisme du crâne par arme à feu. Plaie pénétrante de la région temporale droite. Recherche du projectile dans le cerveau. - Guérison. Par les Drs Porquier et Avérous, ",1906,,,,Traumatisme,,
"Études sur la tuberculose dans les milieux maritimes en Allemagne, par le Dr A.-C. Tartarin, ",1906,Allemagne,,,tuberculose,,
"Notes médicales sur les localités visitées pendant la campagne du Duguay-Trouin, spécialement la Havane et Copenhague (1904-1905), par le Dr le Méhauté, ",1906,"Havane,Copenhague",,,,,
Variétés. Loi du 8 décembre 1905 sur le droit à pension des veuves des militaires morts de maladies contagieuses. / Solde attribuée au pharmacien de la marine en service à Saïgon,1906,Saïgon,,,,,
Variétés. Solde attribuée au pharmacien de la marine en service à Saïgon. / Prix Blache en 1905. / Décision ministérielle relative au port de l'uniforme des officiers du réserve,1906,Saïgon,,,,,
"Notes médicales sur les localités visitées pendant la campagne du Duguay-Trouin, spécialement la Havane et Copenhague (1904-1905), par le Dr Le Méhauté, ",1906,"Havane,Copenhague",,,,,
"La Canonnière ""Le Capricorne"" dans l'Océan Indien en 1904-1905, par le Dr Gloaguen, ",1906,,Océan Indien,,,,
Variétés. Matériel médical à délivrer aux infirmeries des stations des sous-marins. [Gaston Thomson]. / Dispositions relatives aux indemnités de déplacement attribuées aux officiers des différents corps de la marine,1906,,,,,,
"Quelques considérations sur une épidémie de dengue à bord du Kersaint (Saïgon, juillet-août-septembre 1905), par le Dr Cazamian, ",1906,Saïgon,,,dengue,,
"La tuberculose chez les marins du commerce en France, par le Dr Tartarin, ",1906,France,,,tuberculose,,
"La guerre navale russo-japonaise en 1904-1905, par Schigemichi Suzuki, ",1906,,,,,,
Le choléra latent chez les pèlerins revenant de la Mecque,1906,Mecque,,,choléra,,
Le choléra latent chez les pèlerins revenant de la Mecque. / La fièvre de Malte,1906,Mecque,,,"choléra,fièvre de Malte",,
"Trois observations de calculs vésicaux (chez un adolescent, un adulte et un vieillard) traités par la cystotomie hypogastrique suivie de suture totale de la vessie, par le Dr Chevalier, ",1906,,,,calculs vésicaux,,
"Double pied bot congénital varus équin traité par le désossement du tarse (procédé de Lucas-Championnière), par le Dr Machenaud, ",1906,,,,,,désossement
"Livret médical individuel dans la marine, par le Dr Albert Titi, ",1906,,,,,,
"État actuel de l'opothérapie pulmonaire, par le Dr F. Brunet, ",1906,,,,,,
"Traitement du charbon, par le Dr Barbe, ",1906,,,Dr Barbe,,,
"Un cas d'intoxication par l'alcool à brûler, par le Dr Barbe, ",1906,,,Dr Barbe,,,
"Secours aux blessés des guerres maritimes. (Congrès de Lisbonne), par le Dr C. Auffret, ",1906,,,Congrès de Lisbonne,,,
"Ostéotomie cunéiforme sous-trochantérienne (procédé du professeur le Dentu), par le Dr Machenaud, ",1906,,,,,,
"Fièvre typhoïde et abcès de fixation, par le Dr L. Chastang, ",1906,,,,"Fièvre typhoïde,abcès",,
"Diabète pancréatique avec autopsie, observation recueillie par le Dr Audibert, ",1906,,,,Diabète pancréatique,,
"Méthode spéciale pour la séparation et le dosage de l'oxyde de zinc dans tous les cas où se trouve ce produit (peintures blanches, grises, brunes",1906,,,,,,
"État acutel de l'opothérapie pulmonaire, par le Dr F. Brunet, ",1906,,,,,,
"Les pansements tout préparés pour le temps de paix et surtout pour le temps de guerre dans la marine française. Communication faite au XVe congrès international de médecine à Lisbonne, par le Dr P. Barthélemy",1906,Lisbonne,,XVe congrès international de médecine,,,
"État actuel de l'opothérapie pulmonaire, par le Dr F. Brunet,",1906,,,,,,
L'infection palustre et son traitement. Notes additionnelles. - Morphologie des hématozoaires. Par le Dr H. Gros,1906,,,,,,
"L'air irrespirable des cales, par G. Giemsa. Travail de l'institut de pathologie navale et tropicale de Hambourg. Archiv für schiffs- und tropen-hygiene, P. 143, mars 1906. Analyse par le Dr Gros",1906,,,institut de pathologie navale et tropicale de Hambourg,,,
Variétés. La villa Furtado-Heine à Nice. / Modification des paquets de pansement tout préparés,1906,Nice,,,,,
Variétés. Modification des paquets de pansement tout préparés. [Gaston Thomson.]. / Frais de voyage des infirmiers chargés de conduire des malades,1906,,,,,,
"Note sur l'accident du 20 avril 1906 à bord du vaisseau-école de canonnage et de timonerie la Couronne, par le Dr Thamin",1906,,,école de canonnage,,,
"Pyonéphrose du rein droit. Néphrostomie par voie transpéritonéale. Mort le 8e mois de tuberculose généralisée, par le Dr Pfihl",1906,,,,"Pyonéphrose du rein,tuberculose",,
"Double pied bot paralytique. Varus à droite, valgus à gauche, traités : le varus par tarsectomie cunéiforme, le valgus par arthrodèse des articulations astragalo-calcanéenne, astragalo-scaphoïdienne et calcanéo-cuboïdienne. Résultat très satisfaisant pour le varus, parfait pour le valgus. Par le Dr Machenaud, ",1906,,,,,,
"État actuel de l'opothérapie pulmonaire, par le Dr Brunet,",1906,,,,,,
"L'amygdale, voie de pénétration du cocco-bacille pesteux. L'angine pesteuse, particulièrement dans les formes de l'affection, dites pulmonaires primitives, par le Dr Cazamian, ",1906,,,,"pesteux,angine pesteuse",,cocco-bacille
"Anévrisme de l'Aorte descendante, par le Dr J. Planté, ",1906,,,,Anévrisme,,
"Chancres syphilitiques multiples, par le Dr L. Plazy, ",1906,,,,,,
Variétés. / Coffres à médicaments pour torpilleurs et sous-marins. Coffres à médicaments pour bâtiments dépourvus de médecin,1906,,,,,,
Variétés. Délivrance d'un hamac Guézennec aux sous-marins. [Gaston Thomson.]. / Création d'un conseil de santé à Sidi-Abdallah,1906,,,,,,
Variétés. Circulaire relative aux délais de route. [Gaston Thomson.],1906,,,,,,
"L'amygdale voie de pénétration du cocco-bacille pesteux, l'angine pesteuse, particulièrement dans les formes de l'affection dites pulmonaires primitives, par le Dr Cazamian,",1906,,,,angine pesteuse,,cocco
"Traitement des épididymites blennorragiques par le compresseur ouaté du Dr le Méhauté, par le Dr Colomb",1906,,,,épididymites blennorragiques,,
"L'hôpital maritime de Sasebo en temps de paix et en temps de guerre. (Extrait du Rapport du chirurgien américain W.-C. Braisted, juillet 1905.) Résumé et traduction, par le Dr Thémoin, ",1906,Sasebo,,,,,
"La lutte contre la peste au Japon, par Shibasaburo Kitasato (de l'institut des maladies infectieuses à Tokyo). Traduction par le Dr Thémoin, ",1906,"Japon,Tokyo",,institut des maladies infectieuses,peste,,
"Observations sur l'épidémiologie dysentérique au Japon, par K. Shiga. Traduction par le Dr Thémoin",1906,Japon,,,,,
Un nouveau cas de tumeur volumineuse de la parotide gauche (Carcinome encéphaloïde). Extirpation. - Guérison. Par le Dr J. Averous,1906,,,,tumeur,,
"Un cas d'oedème suraigu du poumon, suivi d'autopsie. Sa pathogénie; comment il peut être envisagé au point de vue accident du travail. Par le Dr Barbe, ",1906,,,Dr Barbe,,,
"Conservation de l'eau distillée à bord du cuirassé Brennus, par le Dr Georges Varenne, ",1906,,,,,,
"Statistique des opérations chirurgicales pratiquées à l'hôpital Saint-Charles, à Rochefort, du 1er juillet 1905 au 1er juillet 1906, par le Dr Machenaud, ",1906,Rochefort,,hôpital Saint-Charles,,,
"Le service de santé maritime italien à l'exposition de Milan. Un hôpital modèle pour navire de combat de 1re classe. Par le Dr G. Varenne, ",1906,Milan,,,,,
"Hygiène et tuberculose à l'arsenal de Lorient, par le Dr Lacarrière",1906,Lorient,,,tuberculose,,
"Observations sur l'épidémiologie dysentérique au Japon, par K. Shiga. Traduction par le Dr Thémoin,",1906,Japon,,,,,
Variétés. / Société de médecine militaire française,1906,,,Société de médecine militaire française,,,
Variétés. Société de médecine militaire française,1906,,,,,,
"Trois abcès tropicaux du foie observés à l'hôpital maritime de Brest, par le Dr Pfihl",1906,Brest,,,abcès tropicaux,,
"Une maladie professionnelle : l'hygroma crépitant (Aï douloureux) des canotiers, par le Dr Cazamian",1906,,,,maladie professionnelle,,
"Hygiène et tuberculose à l'arsenal de Lorient, par le Dr Lacarrière,",1906,Lorient,,,tuberculose,,
"Notes intimes sur Georges Cuvier rédigées en 1836 par le Dr Quoy pour son ami J. Desjardins, de Maurice, publiées et commentées par le Dr E.-T. Hamy",1906,,,,,,
Lettre du docteur Quoy à Julien Desjardins,1906,,,,,,
"Notes complémentaire relatives au hamac. Utilisé comme moyen de transport des blessés, par le Dr Guézennec",1906,,,,,,
"Omentopexie pour cirrhose atrophique paludéenne avec ascite : résultats éloignés, par le Dr A. Valence",1906,,,,,,
"Action de l'oxygène sur l'activité fonctionnelle du coeur épuisé. Étude sur le crabe, par R. Moulinier",1907,,,,,,
"Hygiène du Marin à bord du Duguay-Trouin, école d'application des aspirants, 1905-1906, par le Dr P. Le Méhauté",1907,,,,,,
"Hygiène et tuberculose à l'arsenal de Lorient, par le Dr Lacarrière, ",1907,Lorient,,,tuberculose,,
"Des traumatismes du rein, par M. Couteaud",1907,,,,Des traumatismes du rein,,
"Traitement de l'entérite chronique par la Nèfle, par A. Mercier",1907,,,,entérite chronique,,
"Hygiène du marin à bord du Duguay-Trouin, école d'application des aspirants, 1905-1906, par le Dr P. Le Méhauté, ",1907,,,,,,
"Dysenterie bacillaire et abcès du foie, par le Dr Bertrand",1907,,,,abcès du foie,,
"Fractures de la jambe. Deux cas de fracture oblique des tiers moyen et inférieur. Un cas de fracture ouverte, comminutive, du tiers supérieur. Réflexions sur les traumatismes survenus à l'occasion et en dehors du service, et sur les règlements actuellement en vigueur, par le Dr Chevalier, ",1907,,,,,,
"Dysenterie et lombrics, par le Dr Labadens, ",1907,,,,,,
"Géographie médicale. / Rapport sur l'état sanitaire de l'archipel des îles du Cap-Vert, par le Dr Fatome",1907,Cap-Vert,,,,Géographie médicale,
"Lavabo à pédales construit à bord par le second-maître infirmier Lecomte, présenté par le Dr Robert",1907,,,,,,
"Sur les filtres à sable non submergé, par P. Miquel et H. Mouchet",1907,,,,,,
Fibro-myomes utérins. Dégénérescence calcaire. - Hystérectomie abdominale subtotale. - Guérison. - Examen des pièces. Par le Dr Chevalier,1907,,,,,,
"Sinusite maxillaire fongueuse ; opération de Caldwelle-Luc, par le Dr Étourneau",1907,Caldwelle-Luc,,,,,Sinusite
"Épidémie de rubéole à bord du troude, par le Dr Bonnefoy",1907,,,,rubéole,,
"Hygiène navale à bord de l'amiral-Tréhouart, par le Dr Liffran",1907,,,,,,
"Note sur l'hygiène et l'état sanitaire de Gibraltar et d'algésiras, par le Dr Hernandez",1907,Gibraltar,,,,,
"Hygiène navale à bord de l'amiral-Tréhouart, par le Dr Liffran, ",1907,,,,,,
"Lait et allaitement, par A. Auché",1907,,,,,,
"Épidémie de paludisme sur la « rance », par le Dr Vincent",1907,,,,paludisme,,
"Sur les renseignements qui doivent accompagner les échantillons d'eau soumis à l'analyse, par le Dr F. Malméjac",1907,,,,,,
"Traitement du favus, par le Dr Paul Née",1907,,,,,,
"Traitement du favus, par le Dr Paul Née",1907,,,,,,
Variétés. / Géographie médicale  [Van Rijnberk.] ,1907,,,,,Géographie médicale,
"Variétés. Liautaud et Gaudichaud. Note pour servir à l'histoire des collections de la Danaïde (1839-1843), par E.-T. Hamy",1907,Danaïde,,,,,
Variétés. Activité maritime de la croix-rouge,1907,,,croix-rouge,,,
Variétés. Concours pour le prix de sa majesté l'impératrice Marie Feodorowna. / Livres parus. / Livres parus,1907,,,,,,
"Lait et allaitement, par A. Auché",1907,,,,,,
"Hygiène navale à bord du “Montcalm”, par le Dr Charuel",1907,,,,,,
"Coup de chaleur paroxystique, par le Dr Amouretti",1907,,,,,,
"État sanitaire de Dakar et du personnel de la marine pendant l'hivernage de 1906, par le Dr Bellet",1907,Dakar,,,,,
Chirurgie des accidents. Entorse. Par le Prof. Morestin,1907,,,,,,
"Abcès du foie. Ponction, embolie gazeuse, mort, par le lieutenant N. Low R. A. M. C.",1907,,,,Abcès du foie,,
"Abcès du foie. Ponction, embolie gazeuse, mort, par le lieutenant N. Low R. A. M. C.",1907,,,,Abcès du foie,,
"Intoxication par des gaz délétères dans une tourelle pendant le tir, par le Dr Gazeau",1907,,,,,,
"Les explosifs modernes. Phénomènes d'empoisonnement par les gaz d'explosion. Par le Dr Miranda, ",1907,,,,,,
"Troubles morbides et accidents graves produits par la combustion spontanée de charges de balistite sur le navire royal M. Polo. Prophylaxie et traitement, par le Dr P. Campo, ",1907,,,,,,
Modifications à l'instruction du 6 avril 1906 relative à l'examen de l'acuité visuelle et du sens chromatique à l'aide du disque chromo-optométrique de M. Le Dr Le Méhauté,1907,,,,,,
"L'eau potable à bord du “Henri IV”, par M. Girard",1907,,,,,,
"Considérations hygiéniques sur la ville de Dakar et les établissements de la marine, par le Dr Bellet",1907,Dakar,,,,,
"La trypanosomiase humaine ou maladie du sommeil, par le Dr Lévi-Sirugue",1907,,,,"trypanosomiase humaine,maladie du sommeil",,
"Pelade et Marine, par le Dr A. Valence",1907,,,,,,
"Travaux de laboratoire à bord des navires, par le Dr Alfred-William Balch, de la marine des États-Unis. Traduit par le Dr Defressine,",1907,,,,,,
"Le péril vénérien conférence faite aux aspirants à bord du Duguay-Trouin, le 23 octobre 1906, par le Médecin principal Robert",1907,,,,,,
"Considérations hygiéniques sur la ville de Dakar et les établissements de la marine, par le Dr Bellet, ",1907,Dakar,,,,,
"La paracenthèse abdominale doit se faire sur la ligne médiane, par le Dr Couteaud,",1907,,,,,,paracenthèse abdominale
"Sarcome encéphaloïde du médiastin, par le Dr Étourneau,",1907,,,,,,
Circulaire ministérielle,1907,,,,,,
"Variétés. / L'hygiène de la peau et de la chevelure, par le Dr Lucien Jacquet,",1907,,,,,,
"Variétés. L'hygiène de la peau et de la chevelure, par le Dr Lucien Jacquet,",1907,,,,,,
"Les flottilles de torpilleurs de Cochinchine en 1906, par le Dr Olivier,",1907,Cochinchine,,,,,
"Les différents types artériels de la main (Indépendants des anomalies des artères de l'avant-bras) formes actuelles et sens de l'évolution. Par le Dr Cazamian,",1907,,,,,,
"Deux observations rares d'abcès du lobe gauche du foie, Par les docteurs Chevalier,  et Seguin",1907,,,,abcès,,
"Deux observations rares d'abcès du lobe gauche du foie, Par les docteurs Chevalier,  et Seguin",1907,,,,abcès,,
Abcès tropical du foie. Difficultés du diagnostic. Par le Dr Bodet,1907,,,,Abcès tropical,,
Vingt hystérectomies abdominales. Résultats techniques. Par le Dr Étourneau,1907,,,,,,
Un accident à bord de la Jeanne-d'Arc. Fracture de la voûte crânienne. Opération et traitement à bord. - Guérison. Par le Dr Normand,1907,,,,,,
"Péritonite aiguë par rupture de vésicule biliaire. Intervention chirurgicale. - Mort. Par le Dr Donnart,",1907,,,,"Péritonite aiguë,vésicule biliaire",,
Variétés. / Loi portant organisation du corps de santé de la marine. / Status organiques,1907,,,,,,
"La conférence de la croix-rouge en 1907 dans ses rapports avec la marine, par le Dr Hyades,",1907,,,croix-rouge,,,
"Kyste hydatique suppuré pleuro-pulmonaire, par le Dr Machenaud,",1907,,,,Kyste,,
"Deux opérations de prostatectomie (Périnéale et transvésicale), par le Dr Étourneau,",1907,,,,,,
"Sur une combinaison molybdo-uranique. Par M. André Lancien,",1907,,,,,,
"Applications d'un nouveau flacon compte-gouttes à la technique histologique, par A. Auché et L. Tribondeau",1907,,,,,,
"Applications d'un nouveau flacon compte-gouttes à la technique histologique, par A. Auché et L. Tribondeau",1907,,,,,,
Effets du fusil Japonais nouveau modèle. (Traduit de l'anglais.),1907,Japonais,,,,,
Effets du fusil Japonais nouveau modèle. (Traduit de l'anglais.),1907,Japonais,,,,,
Variétés. Recommandations en vue de sauvegarder les droits à pension des veuves et des orphelins. / La salive des syphilitiques,1907,,,,,,
"Variétés. Le détatouage. / Kératite parenchymateuse d'origine traumatique, par le Dr L. Leplat (Liège)",1907,Liège,,,,,
"La conférence de la croix-rouge en 1907 dans ses rapports avec la marine, par le Dr Hyades, ",1907,,,croix-rouge,,,
"Plaies pulmonaires avec hémothorax, par le docteur G. Bonain",1907,,,,,,
Fièvre jaune expérimentale. Traduit de l'anglais par le Dr Bonnefoy,1907,,,,Fièvre jaune,,
"Étude biologique et expérimentale d'un diplocoque pathogène des angines, par le Dr P. Bellile,",1907,,,,angines,,diplocoque
"Une observation de rhumatisme chronique post-ourlien, par le Dr Barbe,",1907,,,Dr Barbe,,,
"Proposition de modification au gobelet actuel du charnier, par le Dr Castaing,",1907,,,,,,
"Au sujet de l'urticaire d'origine filarienne (Filaire de médine). Par le Dr A. Bartet,",1907,,,,"urticaire,Filaire de",,
"Un traitement de la diarrhée chronique des pays chauds, par le Dr Cannac,",1907,,,,diarrhée chronique,,
"Dilatation ampullaire de l'urètre postérieur et fistule périnéale ; résection partielle et suture de l'urètre. Guérison. Par le Dr Couteaud,",1907,,,,,,
"Sels marins de la Cochinchine et de l'Annam, par Albert Saint-Sernin,",1907,"Cochinchine,Annam",,,,,
"Les blessés de béveziers. Notice pour servir à l'histoire des débuts de la médecine navale de France. Par M. le professeur Hamy,",1907,France,,,,,
"Lombrics et troubles intestinaux, par le Dr A. Bartet, ",1907,,,,,,
"Plaie de poitrine par arme à feu. Hémothorax gauche ayant nécessité l'empyème. Bons effets de la méthode de bier. Par le Dr Pfihl, ",1907,,,,Plaie de poitrine,,
"L'hygiène à bord des croiseurs Américains tennessee et washington et des croiseurs japonais tsukuba et chitose, par le Dr d'Auber de Peyrelongue, ",1908,Peyrelongue,,,,,
"Variétés. / Efficacité du chlorure de calcium dans le traitement de l'urticaire, des oedèmes, du prurit. / Procédé rapide pour prendre la température du corps humain",1908,,,,oedèmes,,chlorure de calcium
Variétés. Procédé rapide pour prendre la température du corps humain. / Action de la quinine sur les plasmodies de la malaria,1908,,,,malaria,,
Variétés. Action de la quinine sur les plasmodies de la malaria. / Procédé simple pour différencier le sang humain. (Les Nouveaux Remèdes.). / Livres parus,1908,,,,"malaria,sang humain",,
"Quelques considérations sur l'ophtalmo-réaction, par le Dr Palasne de Champeaux, ",1908,,,,,,ophtalmo
"Une épidémie de dysenterie à Cherbourg, par le Dr Maille, ",1908,Cherbourg,,,dysenterie,,
"L'électrolyse circulaire dans les rétrécissements de l'urètre, par le Dr Seguin, ",1908,,,,,,
"De l'étiologie du strabisme, par le Dr Moreau, ",1908,,,,,,
"Note sur l'hôpital maritime de Sidi-Abdallah, par le Dr Labadens, ",1908,Sidi-Abdallah,,,,,
"L'hygiène à bord des croiseurs Américains tennessee et washington et des croiseurs Japonais Tsukuba et Chitose, par le Dr d'Auber de Peyrelongue, ",1908,"Chitose,Peyrelongue",,,,,
Variétés. / Lettres de quoy à R.-P. Lesson. (Lettre écrite à Lesson au moment de son départ.),1908,,,,quoy,,
"Étude sur les mensurations faites sur les élèves de l'école navale, par le Dr A. Valence, ",1908,,,,,,
"Rapport sur les cas de fièvre typhoïde traités à l'hôpital de Saint-Mandrier pendant les mois de juillet, août et septembre 1907, par le Dr Gaillard, ",1908,Saint-Mandrier,,,fièvre typhoïde,,
"Rapport sur les expériences de désinfection effectuées au moyen du fumigator à l'hôpital maritime de Lorient, par le Dr Defressine, ",1908,Lorient,,,,,
"Le service de santé de la marine Russe pendant la guerre Russo-Japonaise. Etrait du Rapport du Dr Raymond Spear, ",1908,,,,,,
Livres parus. / Avis,1908,,,,,,
"Les manifestations oculaires au cours du paludisme. Par le Dr L. Chastang, ",1908,,,,paludisme,,
"Quatre cas de méningite cérébro-spinale traités par les abcès artificiels, par le Dr Foucaud, ",1908,,,,abcès,,
"Un cas de réaction paradoxale de la pupille à la lumière, chez un sujet atteint d'abcès du cervelet, par R. Moulinier, ",1908,,,,abcès du cervelet,,
"Le service de santé de la marine Russe pendant la guerre Russo-Japonaise. Extrait du Rapport du Dr Raymond Spear, ",1908,,,,,,
Bulletin Officiel. / Février et mars 1908,1908,,,,,,
"Sur les vomiques dans leurs relations avec les abcès dysentériques du poumon et du foie, par le Dr Foucault, ",1908,,,,abcès dysentériques,,
"Les plaies contuses de jambe dans la marine, par le Dr Cazamian, ",1908,,,,,,
"La parasitologie de la dysenterie, par le docteur M. Guibaud, ",1908,,,,dysenterie,,
Note sur le lait de képhir. Sa genèse procédés d'obtention. Sa préparation à l'hôpital maritime de Brest. Par M. Guéguen,1908,Brest,,,,,
Variétés. / L'indice numérique de pignet chez les adénoïdiens,1908,,,,,,pignet
"Les blessés de la marine à Casablanca aux journées des 5, 6, 7 août 1907, par MM. Les médecins de 1re classe Averous, ",1908,Casablanca,,,,,
"Étude succincte de l'acido-butyrométrie du docteur N. Gerber. Supériorité incontestable de ce procédé pour le dosage du beurre dans le lait. Par M. Guéguen, ",1908,,,,,,
"Variétés. / Savigny, chirurgien à bord de la méduse",1908,,,,,,
"Quelques considérations sur deux cas nouveaux de lésions traumatiques du poignet, fractures et luxations de certains os du carpe, par le docteur Cazamian,",1908,,,,lésions traumatiques,,
"Un cas curieux d'abcès gazeux du foie compliqué d'hépatoptose, par le Dr Couteaud,",1908,,,,abcès gazeux,,hépatoptose
"Abcès du foie à migration vers le rein droit, sans pénétration dans les voies urinaires, par le docteur Le Feunteun,",1908,,,,Abcès du foie,,
"Dispensaires français. De quelques affections fréquentes au Maroc. Par le docteur Donnart,",1908,Maroc,,,,,
"Épiploïte suppurée consécutive à une cure opératoire de hernie inguinale. Ouverture dans la vessie. Guérison. Par le Dr A. Valence,",1908,,,,hernie inguinale,,
"Viciation et renouvellement de l'air dans les sous-marins. Recherches expérimentales. Dr C. M. Belli, ",1908,,,,,,
"Rapport sur une épidémie de fièvre à bord de « La manche », par le Dr Brochet,",1908,,,,fièvre,,
"Empoisonnement par le formol, par le Dr Coste,",1908,,,,,,
"Considérations sur le traitement des tuberculoses externes, par le Dr A. Mercier,",1908,,,,tuberculoses,,
"Législation des accidents du travail dans l'arsenal, par le docteur Lacarrière,",1908,,,,,,
"Épidémie de fièvre à bord de l'« Alger ». Par le Dr Oudard,",1908,,,,fièvre,,
"La canonnière la « Zélée » dans l'Océan Pacifique, par le Dr Quéré,",1908,,Océan Pacifique,,,,
"Géographie médicale, Dakar, par le Dr Sisco,",1908,Dakar,,,,Géographie médicale,
Étude hygiénique du croiseur-cuirassé « Victor-Hugo »,1908,,,,,,
"Notions récentes sur le chloroforme. Cause de nouvelles irrégularités dans la chloroformisation. - Inconvénients du chloroforme trop pur provenant de l'acétone. - Avantages du chloroforme moins pur provenant de l'alcool. - Supériorité du chloroforme chloréthylé. Par le Dr J. Regnault,",1908,,,,,,
"Bursite profonde du coude. Déformations d'une tête fémorale anciennement luxée en haut et en avant. Par le docteur Cazamian,",1908,,,,luxée,,
"Du procédé voltaïque dans la méthode cuprométrique pour le dosage des réducteurs en général et en particulier des sucres, par M. P. Guéguen,",1908,,,,,,
"Les hôpitaux de New-York, par le Dr Gorron,",1908,New-York,,,,,
Étude hygiénique du croiseur-cuirassé « Victor-Hugo ». (Suite.). / Viande,1908,,,,,,
"Secours aux blessés pendant le combat, par le Dr Carbonel,",1908,,,,,,
"Note sur un cas de régénération complète de la phalangette de l'index droit, par le docteur Pfihl,",1908,,,,,,
"Gymnastique rationnelle et force vitale. Contribution à l'étude des effets de l'éducation physique sur la valeur de l'indice respiratoire dynamique (École des Baharia à bord du Phlégéton). Par le Dr Gaston Laurès,",1908,Phlégéton,,,,,
"Aperçu sur la pathologie de Saïgon et de la division navale en 1906, par le Dr Barbolain,",1908,Saïgon,,,,,
"Rapport sur la campagne de la surprise (Océan Indien), par le Dr Dufranc,",1908,,Océan Indien,,,,
"Sur le dosage dans l'air de proportions d'hydrogène variant de 0 à 10 p. 100, par M. E. Dezeuzes,",1908,,,,,,
"Recherches physico-chimiques sur quelques composés uraniques, par André Lancien,",1908,,,Recherches physico,,,
"Étude hygiénique sur le cuirassé « République », par le médecin principal Nollet,",1908,,,,,,
"Une page d'hygiène professionnelle, par le docteur Étourneau,",1908,,,,,,
"Le rein polykystique de l'adulte, par le Dr Dargein,",1908,,,,rein polykystique,,
"Explosion d'un collecteur de vapeur à bord du « Descartes », 6 décès. Par le docteur P. Bellile,",1908,,,,,,
"Trois abcès du foie ouverts dans le péricarde, par le Dr Corolleur,",1908,,,,abcès du foie,,
"Ponction Lombaire dans un traumatisme du crâne. Guérison. Par le docteur Colomb,",1908,,,,traumatisme,,
